-- phpMyAdmin SQL Dump
-- version 5.2.1
-- https://www.phpmyadmin.net/
--
-- Host: 127.0.0.1
-- Generation Time: Jun 10, 2025 at 07:01 PM
-- Server version: 10.4.32-MariaDB
-- PHP Version: 8.2.12

SET SQL_MODE = "NO_AUTO_VALUE_ON_ZERO";
START TRANSACTION;
SET time_zone = "+00:00";


/*!40101 SET @OLD_CHARACTER_SET_CLIENT=@@CHARACTER_SET_CLIENT */;
/*!40101 SET @OLD_CHARACTER_SET_RESULTS=@@CHARACTER_SET_RESULTS */;
/*!40101 SET @OLD_COLLATION_CONNECTION=@@COLLATION_CONNECTION */;
/*!40101 SET NAMES utf8mb4 */;

--
-- Database: `hrms_db`
--

-- --------------------------------------------------------

--
-- Table structure for table `cache`
--

CREATE TABLE `cache` (
  `key` varchar(255) NOT NULL,
  `value` mediumtext NOT NULL,
  `expiration` int(11) NOT NULL
) ENGINE=InnoDB DEFAULT CHARSET=utf8mb4 COLLATE=utf8mb4_unicode_ci;

-- --------------------------------------------------------

--
-- Table structure for table `cache_locks`
--

CREATE TABLE `cache_locks` (
  `key` varchar(255) NOT NULL,
  `owner` varchar(255) NOT NULL,
  `expiration` int(11) NOT NULL
) ENGINE=InnoDB DEFAULT CHARSET=utf8mb4 COLLATE=utf8mb4_unicode_ci;

-- --------------------------------------------------------

--
-- Table structure for table `departments`
--

CREATE TABLE `departments` (
  `id` bigint(20) UNSIGNED NOT NULL,
  `name` varchar(255) NOT NULL,
  `description` text DEFAULT NULL,
  `created_at` timestamp NULL DEFAULT NULL,
  `updated_at` timestamp NULL DEFAULT NULL
) ENGINE=InnoDB DEFAULT CHARSET=utf8mb4 COLLATE=utf8mb4_unicode_ci;

--
-- Dumping data for table `departments`
--

INSERT INTO `departments` (`id`, `name`, `description`, `created_at`, `updated_at`) VALUES
(1, 'Administration', NULL, NULL, NULL),
(2, 'Operation', NULL, NULL, NULL),
(3, 'Engineering', NULL, NULL, NULL),
(4, 'HRD', NULL, NULL, NULL),
(5, 'Accounting', NULL, NULL, NULL);

-- --------------------------------------------------------

--
-- Table structure for table `employees`
--

CREATE TABLE `employees` (
  `id` bigint(20) UNSIGNED NOT NULL,
  `employee_id` varchar(255) NOT NULL,
  `avatar` varchar(255) DEFAULT NULL,
  `user_id` bigint(20) UNSIGNED NOT NULL,
  `department_id` bigint(20) UNSIGNED NOT NULL,
  `site_id` bigint(20) UNSIGNED DEFAULT NULL,
  `position_id` bigint(20) UNSIGNED DEFAULT NULL,
  `last_name` varchar(255) NOT NULL,
  `first_name` varchar(255) NOT NULL,
  `middle_name` varchar(255) DEFAULT NULL,
  `birthday` date DEFAULT NULL,
  `date_hired` date NOT NULL,
  `end_of_contract` date DEFAULT NULL,
  `tenure` varchar(255) DEFAULT NULL,
  `employment_status_id` bigint(20) UNSIGNED NOT NULL,
  `basic_salary` decimal(10,2) NOT NULL DEFAULT 0.00,
  `daily_rate` decimal(10,2) NOT NULL DEFAULT 0.00,
  `payroll_status` enum('Weekly','Semi-monthly') NOT NULL,
  `employment_type_id` bigint(20) UNSIGNED DEFAULT NULL,
  `allowance` decimal(10,2) NOT NULL DEFAULT 0.00,
  `head_or_manager` varchar(255) DEFAULT NULL,
  `role_access_id` bigint(20) UNSIGNED DEFAULT NULL,
  `leave_credits` decimal(5,2) NOT NULL DEFAULT 0.00,
  `created_at` timestamp NULL DEFAULT NULL,
  `updated_at` timestamp NULL DEFAULT NULL
) ENGINE=InnoDB DEFAULT CHARSET=utf8mb4 COLLATE=utf8mb4_unicode_ci;

--
-- Dumping data for table `employees`
--

INSERT INTO `employees` (`id`, `employee_id`, `avatar`, `user_id`, `department_id`, `site_id`, `position_id`, `last_name`, `first_name`, `middle_name`, `birthday`, `date_hired`, `end_of_contract`, `tenure`, `employment_status_id`, `basic_salary`, `daily_rate`, `payroll_status`, `employment_type_id`, `allowance`, `head_or_manager`, `role_access_id`, `leave_credits`, `created_at`, `updated_at`) VALUES
(1, 'SA001', NULL, 1, 1, 1, 1, 'Admin', 'Super', NULL, '1990-01-01', '2025-06-08', NULL, NULL, 1, 100000.00, 4000.00, 'Semi-monthly', 1, 5000.00, NULL, NULL, 15.00, '2025-06-08 06:45:24', '2025-06-08 06:45:24'),
(2, 'EMP001', NULL, 2, 1, 1, 1, 'Cruz', 'Juan', 'Dela', '1990-01-01', '2022-06-01', NULL, '2 years', 1, 35000.00, 1346.15, 'Semi-monthly', 1, 2000.00, NULL, 1, 10.00, '2025-06-08 06:45:24', '2025-06-08 06:45:24'),
(3, 'EMP002', NULL, 3, 2, 2, 2, 'Reyes', 'Maria', 'Luna', '1993-05-10', '2023-01-15', '2025-01-14', '1.5 years', 2, 28000.00, 1076.92, 'Weekly', 2, 1500.00, 'EMP001', 2, 5.00, '2025-06-08 06:45:24', '2025-06-08 06:45:24'),
(4, 'EMP003', NULL, 4, 3, 1, 3, 'Santos', 'Pedro', 'Garcia', '1988-03-15', '2021-09-01', NULL, '3 years', 1, 40000.00, 1538.46, 'Semi-monthly', 1, 2500.00, NULL, 1, 12.00, '2025-06-08 06:45:24', '2025-06-08 06:45:24'),
(5, 'EMP004', NULL, 5, 1, 2, 4, 'Lopez', 'Anna', 'Mendez', '1995-07-22', '2023-03-10', '2025-03-09', '1 year', 2, 26000.00, 1000.00, 'Weekly', 2, 1200.00, 'EMP001', 2, 4.00, '2025-06-08 06:45:24', '2025-06-08 06:45:24'),
(6, 'EMP005', NULL, 6, 2, 1, 5, 'Gonzales', 'Luis', NULL, '1992-11-30', '2022-01-20', NULL, '2.5 years', 1, 32000.00, 1230.77, 'Semi-monthly', 1, 1800.00, 'EMP003', 2, 8.00, '2025-06-08 06:45:24', '2025-06-08 06:45:24'),
(7, 'EMP006', NULL, 7, 4, 2, 6, 'Fernandez', 'Clara', 'Ramos', '1991-04-12', '2021-12-05', NULL, '3 years', 1, 38000.00, 1461.54, 'Semi-monthly', 1, 2200.00, NULL, 1, 15.00, '2025-06-08 06:45:24', '2025-06-08 06:45:24'),
(8, 'EMP007', NULL, 8, 3, 1, 7, 'Torres', 'Miguel', 'Cruz', '1989-06-25', '2023-06-15', '2025-06-14', '1 year', 2, 27000.00, 1038.46, 'Weekly', 2, 1300.00, 'EMP003', 2, 3.00, '2025-06-08 06:45:24', '2025-06-08 06:45:24'),
(9, 'EMP008', NULL, 9, 1, 2, 8, 'Perez', 'Sofia', NULL, '1994-02-18', '2022-08-10', NULL, '2 years', 1, 31000.00, 1192.31, 'Semi-monthly', 1, 1700.00, 'EMP001', 2, 7.00, '2025-06-08 06:45:24', '2025-06-08 06:45:24'),
(10, 'EMP009', NULL, 10, 2, 1, 9, 'Ramirez', 'Diego', 'Santos', '1990-09-05', '2021-07-01', NULL, '3.5 years', 1, 42000.00, 1615.38, 'Semi-monthly', 1, 2600.00, NULL, 1, 14.00, '2025-06-08 06:45:24', '2025-06-08 06:45:24'),
(11, 'EMP010', NULL, 11, 4, 2, 10, 'Castillo', 'Elena', 'Vega', '1996-12-20', '2023-04-01', '2025-03-31', '1 year', 2, 25000.00, 961.54, 'Weekly', 2, 1100.00, 'EMP006', 2, 4.00, '2025-06-08 06:45:24', '2025-06-08 06:45:24'),
(12, 'EMP011', NULL, 12, 1, 1, 11, 'Aquino', 'Gabriel', NULL, '1987-10-10', '2020-11-01', NULL, '4 years', 1, 45000.00, 1730.77, 'Semi-monthly', 1, 2800.00, NULL, 1, 16.00, '2025-06-08 06:45:24', '2025-06-08 06:45:24'),
(13, 'EMP012', NULL, 13, 3, 2, 5, 'Mendoza', 'Isabel', 'Cruz', '1993-08-15', '2022-10-01', NULL, '2 years', 1, 30000.00, 1153.85, 'Semi-monthly', 1, 1600.00, 'EMP003', 2, 6.00, '2025-06-08 06:45:24', '2025-06-08 06:45:24'),
(14, 'EMP013', NULL, 14, 2, 1, 6, 'Rivera', 'Carlos', 'Lopez', '1991-01-25', '2021-05-15', NULL, '3.5 years', 1, 39000.00, 1500.00, 'Semi-monthly', 1, 2300.00, NULL, 1, 13.00, '2025-06-08 06:45:24', '2025-06-08 06:45:24'),
(15, 'EMP014', NULL, 15, 4, 2, 7, 'Diaz', 'Lorna', NULL, '1997-03-03', '2023-07-01', '2025-06-30', '1 year', 2, 26500.00, 1019.23, 'Weekly', 2, 1400.00, 'EMP006', 2, 3.00, '2025-06-08 06:45:24', '2025-06-08 06:45:24'),
(16, 'EMP015', NULL, 16, 1, 1, 8, 'Vargas', 'Rafael', 'Perez', '1989-05-20', '2022-02-15', NULL, '2.5 years', 1, 33000.00, 1269.23, 'Semi-monthly', 1, 1900.00, 'EMP011', 2, 9.00, '2025-06-08 06:45:24', '2025-06-08 06:45:24'),
(17, 'EMP016', NULL, 17, 3, 2, 9, 'Morales', 'Teresa', 'Sanchez', '1992-06-10', '2021-08-20', NULL, '3 years', 1, 41000.00, 1576.92, 'Semi-monthly', 1, 2400.00, NULL, 1, 14.00, '2025-06-08 06:45:24', '2025-06-08 06:45:24'),
(18, 'EMP017', NULL, 18, 2, 1, 10, 'Ortiz', 'Victor', NULL, '1995-11-11', '2023-05-10', '2025-05-09', '1 year', 2, 27500.00, 1057.69, 'Weekly', 2, 1500.00, 'EMP009', 2, 4.00, '2025-06-08 06:45:24', '2025-06-08 06:45:24'),
(19, '123daw', NULL, 19, 1, 1, 1, 'wadawdada', 'dwad', NULL, '2025-06-03', '2025-05-28', '2025-06-18', NULL, 4, 2131.00, 21321.00, 'Weekly', 1, 1231.00, 'EMP001', NULL, 0.00, '2025-06-09 07:03:51', '2025-06-09 07:03:51');

-- --------------------------------------------------------

--
-- Table structure for table `employee_attendances`
--

CREATE TABLE `employee_attendances` (
  `id` bigint(20) UNSIGNED NOT NULL,
  `employee_id` bigint(20) UNSIGNED NOT NULL,
  `date` date NOT NULL,
  `punch_in` datetime DEFAULT NULL,
  `punch_out` datetime DEFAULT NULL,
  `break_hours` decimal(4,2) DEFAULT NULL,
  `overtime_hours` decimal(4,2) DEFAULT NULL,
  `status` enum('Present','Absent','Late','On Leave') NOT NULL DEFAULT 'Present',
  `notes` text DEFAULT NULL,
  `created_at` timestamp NULL DEFAULT NULL,
  `updated_at` timestamp NULL DEFAULT NULL
) ENGINE=InnoDB DEFAULT CHARSET=utf8mb4 COLLATE=utf8mb4_unicode_ci;

--
-- Dumping data for table `employee_attendances`
--

INSERT INTO `employee_attendances` (`id`, `employee_id`, `date`, `punch_in`, `punch_out`, `break_hours`, `overtime_hours`, `status`, `notes`, `created_at`, `updated_at`) VALUES
(1, 1, '2025-06-02', '2025-06-02 09:00:00', '2025-06-02 17:00:00', NULL, NULL, 'Present', NULL, '2025-06-08 06:45:27', '2025-06-08 06:45:27'),
(2, 1, '2025-06-03', '2025-06-03 10:00:00', '2025-06-03 14:00:00', NULL, NULL, 'Present', NULL, '2025-06-08 06:45:27', '2025-06-08 06:45:27'),
(3, 1, '2025-06-04', '2025-06-04 12:00:00', '2025-06-04 16:00:00', NULL, NULL, 'Present', NULL, '2025-06-08 06:45:27', '2025-06-08 06:45:27'),
(4, 1, '2025-06-05', NULL, NULL, NULL, NULL, 'Present', NULL, '2025-06-08 06:45:27', '2025-06-08 06:45:27'),
(5, 1, '2025-06-06', '2025-06-06 12:00:00', '2025-06-06 20:00:00', NULL, NULL, 'Present', NULL, '2025-06-08 06:45:27', '2025-06-08 06:45:27'),
(6, 2, '2025-06-02', '2025-06-02 09:00:00', '2025-06-02 17:00:00', NULL, NULL, 'Present', NULL, '2025-06-08 06:45:27', '2025-06-08 06:45:27'),
(7, 2, '2025-06-03', '2025-06-03 10:00:00', '2025-06-03 13:00:00', NULL, NULL, 'Present', NULL, '2025-06-08 06:45:27', '2025-06-08 06:45:27'),
(8, 2, '2025-06-04', NULL, NULL, NULL, NULL, 'Present', NULL, '2025-06-08 06:45:27', '2025-06-08 06:45:27'),
(9, 3, '2025-06-03', '2025-06-03 08:00:00', '2025-06-03 16:00:00', NULL, NULL, 'Present', NULL, '2025-06-08 06:45:27', '2025-06-08 06:45:27'),
(10, 3, '2025-06-05', '2025-06-05 12:00:00', '2025-06-05 15:00:00', NULL, NULL, 'Present', NULL, '2025-06-08 06:45:27', '2025-06-08 06:45:27'),
(11, 4, '2025-06-04', '2025-06-04 08:00:00', '2025-06-04 11:00:00', NULL, NULL, 'Present', NULL, '2025-06-08 06:45:27', '2025-06-08 06:45:27'),
(12, 4, '2025-06-06', NULL, NULL, NULL, NULL, 'Present', NULL, '2025-06-08 06:45:27', '2025-06-08 06:45:27'),
(13, 1, '2025-06-09', '2025-06-09 17:23:03', '2025-06-09 17:23:05', NULL, NULL, 'Late', NULL, '2025-06-09 09:23:03', '2025-06-09 09:23:05'),
(14, 1, '2025-06-09', '2025-06-09 17:24:19', '2025-06-09 17:24:19', NULL, NULL, 'Late', NULL, '2025-06-09 09:24:19', '2025-06-09 09:24:19'),
(15, 1, '2025-06-09', '2025-06-09 17:24:21', '2025-06-09 17:24:24', NULL, NULL, 'Late', NULL, '2025-06-09 09:24:21', '2025-06-09 09:24:24'),
(16, 1, '2025-06-09', '2025-06-09 17:24:25', '2025-06-09 17:24:26', NULL, NULL, 'Late', NULL, '2025-06-09 09:24:25', '2025-06-09 09:24:26'),
(17, 1, '2025-06-09', '2025-06-09 17:24:29', '2025-06-09 17:24:32', NULL, NULL, 'Late', NULL, '2025-06-09 09:24:29', '2025-06-09 09:24:32'),
(18, 1, '2025-06-09', '2025-06-09 17:24:33', '2025-06-09 17:24:35', NULL, NULL, 'Late', NULL, '2025-06-09 09:24:33', '2025-06-09 09:24:35'),
(19, 1, '2025-06-09', '2025-06-09 17:24:36', '2025-06-09 17:24:37', NULL, NULL, 'Late', NULL, '2025-06-09 09:24:36', '2025-06-09 09:24:37'),
(20, 1, '2025-06-09', '2025-06-09 17:24:38', '2025-06-09 17:24:39', NULL, NULL, 'Late', NULL, '2025-06-09 09:24:38', '2025-06-09 09:24:39'),
(21, 1, '2025-06-09', '2025-06-09 17:24:39', '2025-06-09 17:24:41', NULL, NULL, 'Late', NULL, '2025-06-09 09:24:39', '2025-06-09 09:24:41'),
(22, 1, '2025-06-09', '2025-06-09 17:24:41', '2025-06-09 17:24:42', NULL, NULL, 'Late', NULL, '2025-06-09 09:24:41', '2025-06-09 09:24:42'),
(23, 1, '2025-06-09', '2025-06-09 17:24:43', '2025-06-09 17:24:44', NULL, NULL, 'Late', NULL, '2025-06-09 09:24:43', '2025-06-09 09:24:44'),
(24, 1, '2025-06-09', '2025-06-09 17:24:45', '2025-06-09 17:24:46', NULL, NULL, 'Late', NULL, '2025-06-09 09:24:45', '2025-06-09 09:24:46'),
(25, 1, '2025-06-09', '2025-06-09 17:24:47', '2025-06-09 17:24:48', NULL, NULL, 'Late', NULL, '2025-06-09 09:24:47', '2025-06-09 09:24:48'),
(26, 1, '2025-06-09', '2025-06-09 17:24:49', '2025-06-09 17:24:50', NULL, NULL, 'Late', NULL, '2025-06-09 09:24:49', '2025-06-09 09:24:50'),
(27, 1, '2025-06-09', '2025-06-09 17:25:57', '2025-06-09 17:25:58', NULL, NULL, 'Late', NULL, '2025-06-09 09:25:57', '2025-06-09 09:25:58'),
(28, 1, '2025-06-09', '2025-06-09 17:25:59', '2025-06-09 17:26:00', NULL, NULL, 'Late', NULL, '2025-06-09 09:25:59', '2025-06-09 09:26:00'),
(29, 1, '2025-06-09', '2025-06-09 17:26:01', '2025-06-09 17:26:02', NULL, NULL, 'Late', NULL, '2025-06-09 09:26:01', '2025-06-09 09:26:02'),
(30, 1, '2025-06-09', '2025-06-09 17:26:03', '2025-06-09 17:26:05', NULL, NULL, 'Late', NULL, '2025-06-09 09:26:03', '2025-06-09 09:26:05'),
(31, 1, '2025-06-10', '2025-06-10 01:27:37', '2025-06-10 01:27:39', NULL, NULL, 'Present', NULL, '2025-06-09 17:27:37', '2025-06-09 17:27:39'),
(32, 1, '2025-06-10', '2025-06-10 01:27:40', '2025-06-10 01:27:46', NULL, NULL, 'Present', NULL, '2025-06-09 17:27:40', '2025-06-09 17:27:46'),
(33, 1, '2025-06-10', '2025-06-10 01:27:47', '2025-06-10 01:27:48', NULL, NULL, 'Present', NULL, '2025-06-09 17:27:47', '2025-06-09 17:27:48'),
(34, 1, '2025-06-10', '2025-06-10 01:27:49', '2025-06-10 01:27:53', NULL, NULL, 'Present', NULL, '2025-06-09 17:27:49', '2025-06-09 17:27:53'),
(35, 1, '2025-06-10', '2025-06-10 01:27:55', '2025-06-10 01:27:56', NULL, NULL, 'Present', NULL, '2025-06-09 17:27:55', '2025-06-09 17:27:56'),
(36, 1, '2025-06-10', '2025-06-10 01:27:57', '2025-06-10 01:31:07', NULL, NULL, 'Present', NULL, '2025-06-09 17:27:57', '2025-06-09 17:31:07'),
(37, 1, '2025-06-10', '2025-06-10 02:09:27', '2025-06-10 02:09:29', NULL, NULL, 'Present', NULL, '2025-06-09 18:09:27', '2025-06-09 18:09:29'),
(38, 1, '2025-06-10', '2025-06-10 23:10:05', '2025-06-10 23:10:37', NULL, NULL, 'Late', NULL, '2025-06-10 15:10:05', '2025-06-10 15:10:37'),
(39, 1, '2025-06-10', '2025-06-10 23:11:12', '2025-06-10 23:19:51', NULL, NULL, 'Late', NULL, '2025-06-10 15:11:12', '2025-06-10 15:19:51'),
(40, 1, '2025-06-10', '2025-06-10 23:34:07', '2025-06-10 23:34:13', NULL, NULL, 'Late', NULL, '2025-06-10 15:34:07', '2025-06-10 15:34:13'),
(41, 1, '2025-06-10', '2025-06-10 23:34:15', '2025-06-10 23:34:16', NULL, NULL, 'Late', NULL, '2025-06-10 15:34:15', '2025-06-10 15:34:16'),
(42, 1, '2025-06-10', '2025-06-10 23:34:17', '2025-06-10 23:34:19', NULL, NULL, 'Late', NULL, '2025-06-10 15:34:17', '2025-06-10 15:34:19'),
(43, 1, '2025-06-10', '2025-06-10 23:35:02', '2025-06-10 23:35:04', NULL, NULL, 'Late', NULL, '2025-06-10 15:35:02', '2025-06-10 15:35:04'),
(44, 1, '2025-06-10', '2025-06-10 23:35:05', '2025-06-10 23:35:07', NULL, NULL, 'Late', NULL, '2025-06-10 15:35:05', '2025-06-10 15:35:07'),
(45, 1, '2025-06-10', '2025-06-10 23:35:08', '2025-06-10 23:35:10', NULL, NULL, 'Late', NULL, '2025-06-10 15:35:08', '2025-06-10 15:35:10'),
(46, 1, '2025-06-11', '2025-06-11 00:52:37', '2025-06-11 00:52:38', NULL, NULL, 'Present', NULL, '2025-06-10 16:52:37', '2025-06-10 16:52:38'),
(47, 1, '2025-06-11', '2025-06-11 00:56:23', '2025-06-11 00:56:24', NULL, NULL, 'Present', NULL, '2025-06-10 16:56:23', '2025-06-10 16:56:24'),
(48, 1, '2025-06-11', '2025-06-11 00:56:25', '2025-06-11 00:56:26', NULL, NULL, 'Present', NULL, '2025-06-10 16:56:25', '2025-06-10 16:56:26'),
(49, 1, '2025-06-11', '2025-06-11 00:56:28', '2025-06-11 00:56:28', NULL, NULL, 'Present', NULL, '2025-06-10 16:56:28', '2025-06-10 16:56:28');

-- --------------------------------------------------------

--
-- Table structure for table `employee_overtimes`
--

CREATE TABLE `employee_overtimes` (
  `id` bigint(20) UNSIGNED NOT NULL,
  `employee_id` bigint(20) UNSIGNED NOT NULL,
  `manager_id` bigint(20) UNSIGNED DEFAULT NULL,
  `date` date NOT NULL,
  `requested_hours` decimal(4,2) NOT NULL,
  `approved_hours` decimal(4,2) DEFAULT NULL,
  `status` enum('Pending','Approved','Rejected') NOT NULL DEFAULT 'Pending',
  `notes` text DEFAULT NULL,
  `created_at` timestamp NULL DEFAULT NULL,
  `updated_at` timestamp NULL DEFAULT NULL
) ENGINE=InnoDB DEFAULT CHARSET=utf8mb4 COLLATE=utf8mb4_unicode_ci;

--
-- Dumping data for table `employee_overtimes`
--

INSERT INTO `employee_overtimes` (`id`, `employee_id`, `manager_id`, `date`, `requested_hours`, `approved_hours`, `status`, `notes`, `created_at`, `updated_at`) VALUES
(1, 2, 1, '2025-05-26', 3.00, 3.00, 'Approved', 'aa', '2025-06-09 08:42:23', '2025-06-09 08:42:36'),
(2, 1, NULL, '2025-06-10', -6.18, NULL, 'Pending', 'Auto-generated from late punch-out', '2025-06-10 15:10:37', '2025-06-10 15:10:37'),
(3, 1, NULL, '2025-06-10', -6.33, NULL, 'Pending', 'Auto-generated from late punch-out', '2025-06-10 15:19:51', '2025-06-10 15:19:51'),
(4, 1, NULL, '2025-06-10', -6.57, NULL, 'Pending', 'Auto-generated from late punch-out', '2025-06-10 15:34:13', '2025-06-10 15:34:13'),
(5, 1, NULL, '2025-06-10', -6.57, NULL, 'Pending', 'Auto-generated from late punch-out', '2025-06-10 15:34:16', '2025-06-10 15:34:16'),
(6, 1, NULL, '2025-06-10', -6.57, NULL, 'Pending', 'Auto-generated from late punch-out', '2025-06-10 15:34:19', '2025-06-10 15:34:19'),
(7, 1, NULL, '2025-06-10', -6.58, NULL, 'Pending', 'Auto-generated from late punch-out', '2025-06-10 15:35:04', '2025-06-10 15:35:04'),
(8, 1, NULL, '2025-06-10', -6.59, NULL, 'Pending', 'Auto-generated from late punch-out', '2025-06-10 15:35:07', '2025-06-10 15:35:07'),
(9, 1, NULL, '2025-06-10', -6.59, NULL, 'Pending', 'Auto-generated from late punch-out', '2025-06-10 15:35:10', '2025-06-10 15:35:10');

-- --------------------------------------------------------

--
-- Table structure for table `employee_schedules`
--

CREATE TABLE `employee_schedules` (
  `id` bigint(20) UNSIGNED NOT NULL,
  `employee_id` bigint(20) UNSIGNED NOT NULL,
  `schedule_type` enum('fixed','flexible') NOT NULL DEFAULT 'fixed',
  `working_days` longtext CHARACTER SET utf8mb4 COLLATE utf8mb4_bin DEFAULT NULL CHECK (json_valid(`working_days`)),
  `start_time` time DEFAULT NULL,
  `end_time` time DEFAULT NULL,
  `effective_from` date DEFAULT NULL,
  `effective_until` date DEFAULT NULL,
  `created_at` timestamp NULL DEFAULT NULL,
  `updated_at` timestamp NULL DEFAULT NULL
) ENGINE=InnoDB DEFAULT CHARSET=utf8mb4 COLLATE=utf8mb4_unicode_ci;

--
-- Dumping data for table `employee_schedules`
--

INSERT INTO `employee_schedules` (`id`, `employee_id`, `schedule_type`, `working_days`, `start_time`, `end_time`, `effective_from`, `effective_until`, `created_at`, `updated_at`) VALUES
(1, 2, 'fixed', '\"[\\\"tue\\\",\\\"wed\\\",\\\"thu\\\",\\\"fri\\\",\\\"mon\\\"]\"', '14:00:00', '17:00:00', '2025-01-01', '2025-12-31', '2025-06-08 06:45:27', '2025-06-09 08:15:52'),
(2, 2, 'flexible', '\"{\\\"mon\\\":[\\\"09:00\\\",\\\"17:00\\\"],\\\"tue\\\":[\\\"10:00\\\",\\\"18:00\\\"],\\\"wed\\\":[\\\"08:00\\\",\\\"16:00\\\"],\\\"thu\\\":[\\\"09:00\\\",\\\"15:00\\\"],\\\"fri\\\":[\\\"12:00\\\",\\\"20:00\\\"]}\"', NULL, NULL, '2025-06-01', '2025-06-30', '2025-06-08 06:45:27', '2025-06-08 06:45:27'),
(3, 3, 'fixed', '\"[\\\"mon\\\",\\\"tue\\\",\\\"wed\\\",\\\"thu\\\",\\\"fri\\\"]\"', '09:00:00', '17:00:00', '2025-01-01', '2025-12-31', '2025-06-08 06:45:27', '2025-06-08 06:45:27'),
(4, 3, 'flexible', '\"{\\\"mon\\\":[\\\"09:00\\\",\\\"17:00\\\"],\\\"tue\\\":[\\\"10:00\\\",\\\"18:00\\\"],\\\"wed\\\":[\\\"08:00\\\",\\\"16:00\\\"],\\\"thu\\\":[\\\"09:00\\\",\\\"15:00\\\"],\\\"fri\\\":[\\\"12:00\\\",\\\"20:00\\\"]}\"', NULL, NULL, '2025-06-01', '2025-06-30', '2025-06-08 06:45:27', '2025-06-08 06:45:27'),
(5, 4, 'fixed', '\"[\\\"mon\\\",\\\"tue\\\",\\\"wed\\\",\\\"thu\\\",\\\"fri\\\"]\"', '09:00:00', '17:00:00', '2025-01-01', '2025-12-31', '2025-06-08 06:45:27', '2025-06-08 06:45:27'),
(6, 4, 'flexible', '\"{\\\"mon\\\":[\\\"09:00\\\",\\\"17:00\\\"],\\\"tue\\\":[\\\"10:00\\\",\\\"18:00\\\"],\\\"wed\\\":[\\\"08:00\\\",\\\"16:00\\\"],\\\"thu\\\":[\\\"09:00\\\",\\\"15:00\\\"],\\\"fri\\\":[\\\"12:00\\\",\\\"20:00\\\"]}\"', NULL, NULL, '2025-06-01', '2025-06-30', '2025-06-08 06:45:27', '2025-06-08 06:45:27'),
(7, 5, 'fixed', '\"[\\\"mon\\\",\\\"tue\\\",\\\"wed\\\",\\\"thu\\\",\\\"fri\\\"]\"', '09:00:00', '17:00:00', '2025-01-01', '2025-12-31', '2025-06-08 06:45:27', '2025-06-08 06:45:27'),
(8, 5, 'flexible', '\"{\\\"mon\\\":[\\\"09:00\\\",\\\"17:00\\\"],\\\"tue\\\":[\\\"10:00\\\",\\\"18:00\\\"],\\\"wed\\\":[\\\"08:00\\\",\\\"16:00\\\"],\\\"thu\\\":[\\\"09:00\\\",\\\"15:00\\\"],\\\"fri\\\":[\\\"12:00\\\",\\\"20:00\\\"]}\"', NULL, NULL, '2025-06-01', '2025-06-30', '2025-06-08 06:45:27', '2025-06-08 06:45:27'),
(9, 6, 'fixed', '\"[\\\"mon\\\",\\\"tue\\\",\\\"wed\\\",\\\"thu\\\",\\\"fri\\\"]\"', '09:00:00', '17:00:00', '2025-01-01', '2025-12-31', '2025-06-08 06:45:27', '2025-06-08 06:45:27'),
(10, 6, 'flexible', '\"{\\\"mon\\\":[\\\"09:00\\\",\\\"17:00\\\"],\\\"tue\\\":[\\\"10:00\\\",\\\"18:00\\\"],\\\"wed\\\":[\\\"08:00\\\",\\\"16:00\\\"],\\\"thu\\\":[\\\"09:00\\\",\\\"15:00\\\"],\\\"fri\\\":[\\\"12:00\\\",\\\"20:00\\\"]}\"', NULL, NULL, '2025-06-01', '2025-06-30', '2025-06-08 06:45:27', '2025-06-08 06:45:27'),
(11, 7, 'fixed', '\"[\\\"mon\\\",\\\"tue\\\",\\\"wed\\\",\\\"thu\\\",\\\"fri\\\"]\"', '09:00:00', '17:00:00', '2025-01-01', '2025-12-31', '2025-06-08 06:45:27', '2025-06-08 06:45:27'),
(12, 7, 'flexible', '\"{\\\"mon\\\":[\\\"09:00\\\",\\\"17:00\\\"],\\\"tue\\\":[\\\"10:00\\\",\\\"18:00\\\"],\\\"wed\\\":[\\\"08:00\\\",\\\"16:00\\\"],\\\"thu\\\":[\\\"09:00\\\",\\\"15:00\\\"],\\\"fri\\\":[\\\"12:00\\\",\\\"20:00\\\"]}\"', NULL, NULL, '2025-06-01', '2025-06-30', '2025-06-08 06:45:27', '2025-06-08 06:45:27'),
(13, 8, 'fixed', '\"[\\\"mon\\\",\\\"tue\\\",\\\"wed\\\",\\\"thu\\\",\\\"fri\\\"]\"', '09:00:00', '17:00:00', '2025-01-01', '2025-12-31', '2025-06-08 06:45:27', '2025-06-08 06:45:27'),
(14, 8, 'flexible', '\"{\\\"mon\\\":[\\\"09:00\\\",\\\"17:00\\\"],\\\"tue\\\":[\\\"10:00\\\",\\\"18:00\\\"],\\\"wed\\\":[\\\"08:00\\\",\\\"16:00\\\"],\\\"thu\\\":[\\\"09:00\\\",\\\"15:00\\\"],\\\"fri\\\":[\\\"12:00\\\",\\\"20:00\\\"]}\"', NULL, NULL, '2025-06-01', '2025-06-30', '2025-06-08 06:45:27', '2025-06-08 06:45:27'),
(15, 9, 'fixed', '\"[\\\"mon\\\",\\\"tue\\\",\\\"wed\\\",\\\"thu\\\",\\\"fri\\\"]\"', '09:00:00', '17:00:00', '2025-01-01', '2025-12-31', '2025-06-08 06:45:27', '2025-06-08 06:45:27'),
(16, 9, 'flexible', '\"{\\\"mon\\\":[\\\"09:00\\\",\\\"17:00\\\"],\\\"tue\\\":[\\\"10:00\\\",\\\"18:00\\\"],\\\"wed\\\":[\\\"08:00\\\",\\\"16:00\\\"],\\\"thu\\\":[\\\"09:00\\\",\\\"15:00\\\"],\\\"fri\\\":[\\\"12:00\\\",\\\"20:00\\\"]}\"', NULL, NULL, '2025-06-01', '2025-06-30', '2025-06-08 06:45:27', '2025-06-08 06:45:27'),
(17, 10, 'fixed', '\"[\\\"mon\\\",\\\"tue\\\",\\\"wed\\\",\\\"thu\\\",\\\"fri\\\"]\"', '09:00:00', '17:00:00', '2025-01-01', '2025-12-31', '2025-06-08 06:45:27', '2025-06-08 06:45:27'),
(18, 10, 'flexible', '\"{\\\"mon\\\":[\\\"09:00\\\",\\\"17:00\\\"],\\\"tue\\\":[\\\"10:00\\\",\\\"18:00\\\"],\\\"wed\\\":[\\\"08:00\\\",\\\"16:00\\\"],\\\"thu\\\":[\\\"09:00\\\",\\\"15:00\\\"],\\\"fri\\\":[\\\"12:00\\\",\\\"20:00\\\"]}\"', NULL, NULL, '2025-06-01', '2025-06-30', '2025-06-08 06:45:27', '2025-06-08 06:45:27'),
(19, 11, 'fixed', '\"[\\\"mon\\\",\\\"tue\\\",\\\"wed\\\",\\\"thu\\\",\\\"fri\\\"]\"', '09:00:00', '17:00:00', '2025-01-01', '2025-12-31', '2025-06-08 06:45:27', '2025-06-08 06:45:27'),
(20, 11, 'flexible', '\"{\\\"mon\\\":[\\\"09:00\\\",\\\"17:00\\\"],\\\"tue\\\":[\\\"10:00\\\",\\\"18:00\\\"],\\\"wed\\\":[\\\"08:00\\\",\\\"16:00\\\"],\\\"thu\\\":[\\\"09:00\\\",\\\"15:00\\\"],\\\"fri\\\":[\\\"12:00\\\",\\\"20:00\\\"]}\"', NULL, NULL, '2025-06-01', '2025-06-30', '2025-06-08 06:45:27', '2025-06-08 06:45:27'),
(21, 12, 'fixed', '\"[\\\"mon\\\",\\\"tue\\\",\\\"wed\\\",\\\"thu\\\",\\\"fri\\\"]\"', '09:00:00', '17:00:00', '2025-01-01', '2025-12-31', '2025-06-08 06:45:27', '2025-06-08 06:45:27'),
(22, 12, 'flexible', '\"{\\\"mon\\\":[\\\"09:00\\\",\\\"17:00\\\"],\\\"tue\\\":[\\\"10:00\\\",\\\"18:00\\\"],\\\"wed\\\":[\\\"08:00\\\",\\\"16:00\\\"],\\\"thu\\\":[\\\"09:00\\\",\\\"15:00\\\"],\\\"fri\\\":[\\\"12:00\\\",\\\"20:00\\\"]}\"', NULL, NULL, '2025-06-01', '2025-06-30', '2025-06-08 06:45:27', '2025-06-08 06:45:27'),
(23, 13, 'fixed', '\"[\\\"mon\\\",\\\"tue\\\",\\\"wed\\\",\\\"thu\\\",\\\"fri\\\"]\"', '09:00:00', '17:00:00', '2025-01-01', '2025-12-31', '2025-06-08 06:45:27', '2025-06-08 06:45:27'),
(24, 13, 'flexible', '\"{\\\"mon\\\":[\\\"09:00\\\",\\\"17:00\\\"],\\\"tue\\\":[\\\"10:00\\\",\\\"18:00\\\"],\\\"wed\\\":[\\\"08:00\\\",\\\"16:00\\\"],\\\"thu\\\":[\\\"09:00\\\",\\\"15:00\\\"],\\\"fri\\\":[\\\"12:00\\\",\\\"20:00\\\"]}\"', NULL, NULL, '2025-06-01', '2025-06-30', '2025-06-08 06:45:27', '2025-06-08 06:45:27'),
(25, 14, 'fixed', '\"[\\\"mon\\\",\\\"tue\\\",\\\"wed\\\",\\\"thu\\\",\\\"fri\\\"]\"', '09:00:00', '17:00:00', '2025-01-01', '2025-12-31', '2025-06-08 06:45:27', '2025-06-08 06:45:27'),
(26, 14, 'flexible', '\"{\\\"mon\\\":[\\\"09:00\\\",\\\"17:00\\\"],\\\"tue\\\":[\\\"10:00\\\",\\\"18:00\\\"],\\\"wed\\\":[\\\"08:00\\\",\\\"16:00\\\"],\\\"thu\\\":[\\\"09:00\\\",\\\"15:00\\\"],\\\"fri\\\":[\\\"12:00\\\",\\\"20:00\\\"]}\"', NULL, NULL, '2025-06-01', '2025-06-30', '2025-06-08 06:45:27', '2025-06-08 06:45:27'),
(27, 15, 'fixed', '\"[\\\"mon\\\",\\\"tue\\\",\\\"wed\\\",\\\"thu\\\",\\\"fri\\\"]\"', '09:00:00', '17:00:00', '2025-01-01', '2025-12-31', '2025-06-08 06:45:27', '2025-06-08 06:45:27'),
(28, 15, 'flexible', '\"{\\\"mon\\\":[\\\"09:00\\\",\\\"17:00\\\"],\\\"tue\\\":[\\\"10:00\\\",\\\"18:00\\\"],\\\"wed\\\":[\\\"08:00\\\",\\\"16:00\\\"],\\\"thu\\\":[\\\"09:00\\\",\\\"15:00\\\"],\\\"fri\\\":[\\\"12:00\\\",\\\"20:00\\\"]}\"', NULL, NULL, '2025-06-01', '2025-06-30', '2025-06-08 06:45:27', '2025-06-08 06:45:27'),
(29, 16, 'fixed', '\"[\\\"mon\\\",\\\"tue\\\",\\\"wed\\\",\\\"thu\\\",\\\"fri\\\"]\"', '09:00:00', '17:00:00', '2025-01-01', '2025-12-31', '2025-06-08 06:45:27', '2025-06-08 06:45:27'),
(30, 16, 'flexible', '\"{\\\"mon\\\":[\\\"09:00\\\",\\\"17:00\\\"],\\\"tue\\\":[\\\"10:00\\\",\\\"18:00\\\"],\\\"wed\\\":[\\\"08:00\\\",\\\"16:00\\\"],\\\"thu\\\":[\\\"09:00\\\",\\\"15:00\\\"],\\\"fri\\\":[\\\"12:00\\\",\\\"20:00\\\"]}\"', NULL, NULL, '2025-06-01', '2025-06-30', '2025-06-08 06:45:27', '2025-06-08 06:45:27'),
(31, 17, 'fixed', '\"[\\\"mon\\\",\\\"tue\\\",\\\"wed\\\",\\\"thu\\\",\\\"fri\\\"]\"', '09:00:00', '17:00:00', '2025-01-01', '2025-12-31', '2025-06-08 06:45:27', '2025-06-08 06:45:27'),
(32, 17, 'flexible', '\"{\\\"mon\\\":[\\\"09:00\\\",\\\"17:00\\\"],\\\"tue\\\":[\\\"10:00\\\",\\\"18:00\\\"],\\\"wed\\\":[\\\"08:00\\\",\\\"16:00\\\"],\\\"thu\\\":[\\\"09:00\\\",\\\"15:00\\\"],\\\"fri\\\":[\\\"12:00\\\",\\\"20:00\\\"]}\"', NULL, NULL, '2025-06-01', '2025-06-30', '2025-06-08 06:45:27', '2025-06-08 06:45:27'),
(33, 18, 'fixed', '\"[\\\"mon\\\",\\\"tue\\\",\\\"wed\\\",\\\"thu\\\",\\\"fri\\\"]\"', '09:00:00', '17:00:00', '2025-01-01', '2025-12-31', '2025-06-08 06:45:27', '2025-06-08 06:45:27'),
(34, 18, 'flexible', '\"{\\\"mon\\\":[\\\"09:00\\\",\\\"17:00\\\"],\\\"tue\\\":[\\\"10:00\\\",\\\"18:00\\\"],\\\"wed\\\":[\\\"08:00\\\",\\\"16:00\\\"],\\\"thu\\\":[\\\"09:00\\\",\\\"15:00\\\"],\\\"fri\\\":[\\\"12:00\\\",\\\"20:00\\\"]}\"', NULL, NULL, '2025-06-01', '2025-06-30', '2025-06-08 06:45:27', '2025-06-08 06:45:27'),
(35, 1, 'fixed', '\"[\\\"mon\\\",\\\"tue\\\",\\\"wed\\\",\\\"thu\\\",\\\"fri\\\"]\"', '09:00:00', '17:00:00', '2025-01-01', '2025-12-31', '2025-06-08 06:45:27', '2025-06-08 06:45:27'),
(36, 1, 'flexible', '\"{\\\"mon\\\":[\\\"09:00\\\",\\\"17:00\\\"],\\\"tue\\\":[\\\"10:00\\\",\\\"18:00\\\"],\\\"wed\\\":[\\\"08:00\\\",\\\"16:00\\\"],\\\"thu\\\":[\\\"09:00\\\",\\\"15:00\\\"],\\\"fri\\\":[\\\"12:00\\\",\\\"20:00\\\"]}\"', NULL, NULL, '2025-06-01', '2025-06-30', '2025-06-08 06:45:27', '2025-06-08 06:45:27'),
(37, 2, 'fixed', '\"[\\\"mon\\\",\\\"tue\\\",\\\"wed\\\",\\\"thu\\\",\\\"fri\\\"]\"', '09:00:00', '17:00:00', '2025-01-01', '2025-12-31', '2025-06-08 06:45:27', '2025-06-08 06:45:27'),
(38, 2, 'flexible', '\"{\\\"mon\\\":[\\\"09:00\\\",\\\"17:00\\\"],\\\"tue\\\":[\\\"10:00\\\",\\\"18:00\\\"],\\\"wed\\\":[\\\"08:00\\\",\\\"16:00\\\"],\\\"thu\\\":[\\\"09:00\\\",\\\"15:00\\\"],\\\"fri\\\":[\\\"12:00\\\",\\\"20:00\\\"]}\"', NULL, NULL, '2025-06-01', '2025-06-30', '2025-06-08 06:45:27', '2025-06-08 06:45:27'),
(39, 3, 'fixed', '\"[\\\"mon\\\",\\\"tue\\\",\\\"wed\\\",\\\"thu\\\",\\\"fri\\\"]\"', '09:00:00', '17:00:00', '2025-01-01', '2025-12-31', '2025-06-08 06:45:27', '2025-06-08 06:45:27'),
(40, 3, 'flexible', '\"{\\\"mon\\\":[\\\"09:00\\\",\\\"17:00\\\"],\\\"tue\\\":[\\\"10:00\\\",\\\"18:00\\\"],\\\"wed\\\":[\\\"08:00\\\",\\\"16:00\\\"],\\\"thu\\\":[\\\"09:00\\\",\\\"15:00\\\"],\\\"fri\\\":[\\\"12:00\\\",\\\"20:00\\\"]}\"', NULL, NULL, '2025-06-01', '2025-06-30', '2025-06-08 06:45:27', '2025-06-08 06:45:27'),
(41, 4, 'fixed', '\"[\\\"mon\\\",\\\"tue\\\",\\\"wed\\\",\\\"thu\\\",\\\"fri\\\"]\"', '09:00:00', '17:00:00', '2025-01-01', '2025-12-31', '2025-06-08 06:45:27', '2025-06-08 06:45:27'),
(42, 4, 'flexible', '\"{\\\"mon\\\":[\\\"09:00\\\",\\\"17:00\\\"],\\\"tue\\\":[\\\"10:00\\\",\\\"18:00\\\"],\\\"wed\\\":[\\\"08:00\\\",\\\"16:00\\\"],\\\"thu\\\":[\\\"09:00\\\",\\\"15:00\\\"],\\\"fri\\\":[\\\"12:00\\\",\\\"20:00\\\"]}\"', NULL, NULL, '2025-06-01', '2025-06-30', '2025-06-08 06:45:27', '2025-06-08 06:45:27'),
(43, 5, 'fixed', '\"[\\\"mon\\\",\\\"tue\\\",\\\"wed\\\",\\\"thu\\\",\\\"fri\\\"]\"', '09:00:00', '17:00:00', '2025-01-01', '2025-12-31', '2025-06-08 06:45:27', '2025-06-08 06:45:27'),
(44, 5, 'flexible', '\"{\\\"mon\\\":[\\\"09:00\\\",\\\"17:00\\\"],\\\"tue\\\":[\\\"10:00\\\",\\\"18:00\\\"],\\\"wed\\\":[\\\"08:00\\\",\\\"16:00\\\"],\\\"thu\\\":[\\\"09:00\\\",\\\"15:00\\\"],\\\"fri\\\":[\\\"12:00\\\",\\\"20:00\\\"]}\"', NULL, NULL, '2025-06-01', '2025-06-30', '2025-06-08 06:45:27', '2025-06-08 06:45:27'),
(45, 6, 'fixed', '\"[\\\"mon\\\",\\\"tue\\\",\\\"wed\\\",\\\"thu\\\",\\\"fri\\\"]\"', '09:00:00', '17:00:00', '2025-01-01', '2025-12-31', '2025-06-08 06:45:27', '2025-06-08 06:45:27'),
(46, 6, 'flexible', '\"{\\\"mon\\\":[\\\"09:00\\\",\\\"17:00\\\"],\\\"tue\\\":[\\\"10:00\\\",\\\"18:00\\\"],\\\"wed\\\":[\\\"08:00\\\",\\\"16:00\\\"],\\\"thu\\\":[\\\"09:00\\\",\\\"15:00\\\"],\\\"fri\\\":[\\\"12:00\\\",\\\"20:00\\\"]}\"', NULL, NULL, '2025-06-01', '2025-06-30', '2025-06-08 06:45:27', '2025-06-08 06:45:27'),
(47, 7, 'fixed', '\"[\\\"mon\\\",\\\"tue\\\",\\\"wed\\\",\\\"thu\\\",\\\"fri\\\"]\"', '09:00:00', '17:00:00', '2025-01-01', '2025-12-31', '2025-06-08 06:45:27', '2025-06-08 06:45:27'),
(48, 7, 'flexible', '\"{\\\"mon\\\":[\\\"09:00\\\",\\\"17:00\\\"],\\\"tue\\\":[\\\"10:00\\\",\\\"18:00\\\"],\\\"wed\\\":[\\\"08:00\\\",\\\"16:00\\\"],\\\"thu\\\":[\\\"09:00\\\",\\\"15:00\\\"],\\\"fri\\\":[\\\"12:00\\\",\\\"20:00\\\"]}\"', NULL, NULL, '2025-06-01', '2025-06-30', '2025-06-08 06:45:27', '2025-06-08 06:45:27'),
(49, 8, 'fixed', '\"[\\\"mon\\\",\\\"tue\\\",\\\"wed\\\",\\\"thu\\\",\\\"fri\\\"]\"', '09:00:00', '17:00:00', '2025-01-01', '2025-12-31', '2025-06-08 06:45:27', '2025-06-08 06:45:27'),
(50, 8, 'flexible', '\"{\\\"mon\\\":[\\\"09:00\\\",\\\"17:00\\\"],\\\"tue\\\":[\\\"10:00\\\",\\\"18:00\\\"],\\\"wed\\\":[\\\"08:00\\\",\\\"16:00\\\"],\\\"thu\\\":[\\\"09:00\\\",\\\"15:00\\\"],\\\"fri\\\":[\\\"12:00\\\",\\\"20:00\\\"]}\"', NULL, NULL, '2025-06-01', '2025-06-30', '2025-06-08 06:45:27', '2025-06-08 06:45:27'),
(51, 9, 'fixed', '\"[\\\"mon\\\",\\\"tue\\\",\\\"wed\\\",\\\"thu\\\",\\\"fri\\\"]\"', '09:00:00', '17:00:00', '2025-01-01', '2025-12-31', '2025-06-08 06:45:27', '2025-06-08 06:45:27'),
(52, 9, 'flexible', '\"{\\\"mon\\\":[\\\"09:00\\\",\\\"17:00\\\"],\\\"tue\\\":[\\\"10:00\\\",\\\"18:00\\\"],\\\"wed\\\":[\\\"08:00\\\",\\\"16:00\\\"],\\\"thu\\\":[\\\"09:00\\\",\\\"15:00\\\"],\\\"fri\\\":[\\\"12:00\\\",\\\"20:00\\\"]}\"', NULL, NULL, '2025-06-01', '2025-06-30', '2025-06-08 06:45:27', '2025-06-08 06:45:27'),
(53, 10, 'fixed', '\"[\\\"mon\\\",\\\"tue\\\",\\\"wed\\\",\\\"thu\\\",\\\"fri\\\"]\"', '09:00:00', '17:00:00', '2025-01-01', '2025-12-31', '2025-06-08 06:45:27', '2025-06-08 06:45:27'),
(54, 10, 'flexible', '\"{\\\"mon\\\":[\\\"09:00\\\",\\\"17:00\\\"],\\\"tue\\\":[\\\"10:00\\\",\\\"18:00\\\"],\\\"wed\\\":[\\\"08:00\\\",\\\"16:00\\\"],\\\"thu\\\":[\\\"09:00\\\",\\\"15:00\\\"],\\\"fri\\\":[\\\"12:00\\\",\\\"20:00\\\"]}\"', NULL, NULL, '2025-06-01', '2025-06-30', '2025-06-08 06:45:27', '2025-06-08 06:45:27'),
(55, 11, 'fixed', '\"[\\\"mon\\\",\\\"tue\\\",\\\"wed\\\",\\\"thu\\\",\\\"fri\\\"]\"', '09:00:00', '17:00:00', '2025-01-01', '2025-12-31', '2025-06-08 06:45:27', '2025-06-08 06:45:27'),
(56, 11, 'flexible', '\"{\\\"mon\\\":[\\\"09:00\\\",\\\"17:00\\\"],\\\"tue\\\":[\\\"10:00\\\",\\\"18:00\\\"],\\\"wed\\\":[\\\"08:00\\\",\\\"16:00\\\"],\\\"thu\\\":[\\\"09:00\\\",\\\"15:00\\\"],\\\"fri\\\":[\\\"12:00\\\",\\\"20:00\\\"]}\"', NULL, NULL, '2025-06-01', '2025-06-30', '2025-06-08 06:45:27', '2025-06-08 06:45:27'),
(57, 12, 'fixed', '\"[\\\"mon\\\",\\\"tue\\\",\\\"wed\\\",\\\"thu\\\",\\\"fri\\\"]\"', '09:00:00', '17:00:00', '2025-01-01', '2025-12-31', '2025-06-08 06:45:27', '2025-06-08 06:45:27'),
(58, 12, 'flexible', '\"{\\\"mon\\\":[\\\"09:00\\\",\\\"17:00\\\"],\\\"tue\\\":[\\\"10:00\\\",\\\"18:00\\\"],\\\"wed\\\":[\\\"08:00\\\",\\\"16:00\\\"],\\\"thu\\\":[\\\"09:00\\\",\\\"15:00\\\"],\\\"fri\\\":[\\\"12:00\\\",\\\"20:00\\\"]}\"', NULL, NULL, '2025-06-01', '2025-06-30', '2025-06-08 06:45:27', '2025-06-08 06:45:27'),
(59, 13, 'fixed', '\"[\\\"mon\\\",\\\"tue\\\",\\\"wed\\\",\\\"thu\\\",\\\"fri\\\"]\"', '09:00:00', '17:00:00', '2025-01-01', '2025-12-31', '2025-06-08 06:45:27', '2025-06-08 06:45:27'),
(60, 13, 'flexible', '\"{\\\"mon\\\":[\\\"09:00\\\",\\\"17:00\\\"],\\\"tue\\\":[\\\"10:00\\\",\\\"18:00\\\"],\\\"wed\\\":[\\\"08:00\\\",\\\"16:00\\\"],\\\"thu\\\":[\\\"09:00\\\",\\\"15:00\\\"],\\\"fri\\\":[\\\"12:00\\\",\\\"20:00\\\"]}\"', NULL, NULL, '2025-06-01', '2025-06-30', '2025-06-08 06:45:27', '2025-06-08 06:45:27'),
(61, 14, 'fixed', '\"[\\\"mon\\\",\\\"tue\\\",\\\"wed\\\",\\\"thu\\\",\\\"fri\\\"]\"', '09:00:00', '17:00:00', '2025-01-01', '2025-12-31', '2025-06-08 06:45:27', '2025-06-08 06:45:27'),
(62, 14, 'flexible', '\"{\\\"mon\\\":[\\\"09:00\\\",\\\"17:00\\\"],\\\"tue\\\":[\\\"10:00\\\",\\\"18:00\\\"],\\\"wed\\\":[\\\"08:00\\\",\\\"16:00\\\"],\\\"thu\\\":[\\\"09:00\\\",\\\"15:00\\\"],\\\"fri\\\":[\\\"12:00\\\",\\\"20:00\\\"]}\"', NULL, NULL, '2025-06-01', '2025-06-30', '2025-06-08 06:45:27', '2025-06-08 06:45:27'),
(63, 15, 'fixed', '\"[\\\"mon\\\",\\\"tue\\\",\\\"wed\\\",\\\"thu\\\",\\\"fri\\\"]\"', '09:00:00', '17:00:00', '2025-01-01', '2025-12-31', '2025-06-08 06:45:27', '2025-06-08 06:45:27'),
(64, 15, 'flexible', '\"{\\\"mon\\\":[\\\"09:00\\\",\\\"17:00\\\"],\\\"tue\\\":[\\\"10:00\\\",\\\"18:00\\\"],\\\"wed\\\":[\\\"08:00\\\",\\\"16:00\\\"],\\\"thu\\\":[\\\"09:00\\\",\\\"15:00\\\"],\\\"fri\\\":[\\\"12:00\\\",\\\"20:00\\\"]}\"', NULL, NULL, '2025-06-01', '2025-06-30', '2025-06-08 06:45:27', '2025-06-08 06:45:27'),
(65, 16, 'fixed', '\"[\\\"mon\\\",\\\"tue\\\",\\\"wed\\\",\\\"thu\\\",\\\"fri\\\"]\"', '09:00:00', '17:00:00', '2025-01-01', '2025-12-31', '2025-06-08 06:45:27', '2025-06-08 06:45:27'),
(66, 16, 'flexible', '\"{\\\"mon\\\":[\\\"09:00\\\",\\\"17:00\\\"],\\\"tue\\\":[\\\"10:00\\\",\\\"18:00\\\"],\\\"wed\\\":[\\\"08:00\\\",\\\"16:00\\\"],\\\"thu\\\":[\\\"09:00\\\",\\\"15:00\\\"],\\\"fri\\\":[\\\"12:00\\\",\\\"20:00\\\"]}\"', NULL, NULL, '2025-06-01', '2025-06-30', '2025-06-08 06:45:27', '2025-06-08 06:45:27'),
(67, 17, 'fixed', '\"[\\\"mon\\\",\\\"tue\\\",\\\"wed\\\",\\\"thu\\\",\\\"fri\\\"]\"', '09:00:00', '17:00:00', '2025-01-01', '2025-12-31', '2025-06-08 06:45:27', '2025-06-08 06:45:27'),
(68, 17, 'flexible', '\"{\\\"mon\\\":[\\\"09:00\\\",\\\"17:00\\\"],\\\"tue\\\":[\\\"10:00\\\",\\\"18:00\\\"],\\\"wed\\\":[\\\"08:00\\\",\\\"16:00\\\"],\\\"thu\\\":[\\\"09:00\\\",\\\"15:00\\\"],\\\"fri\\\":[\\\"12:00\\\",\\\"20:00\\\"]}\"', NULL, NULL, '2025-06-01', '2025-06-30', '2025-06-08 06:45:27', '2025-06-08 06:45:27'),
(69, 18, 'fixed', '\"[\\\"mon\\\",\\\"tue\\\",\\\"wed\\\",\\\"thu\\\",\\\"fri\\\"]\"', '09:00:00', '17:00:00', '2025-01-01', '2025-12-31', '2025-06-08 06:45:27', '2025-06-08 06:45:27'),
(70, 18, 'flexible', '\"{\\\"mon\\\":[\\\"09:00\\\",\\\"17:00\\\"],\\\"tue\\\":[\\\"10:00\\\",\\\"18:00\\\"],\\\"wed\\\":[\\\"08:00\\\",\\\"16:00\\\"],\\\"thu\\\":[\\\"09:00\\\",\\\"15:00\\\"],\\\"fri\\\":[\\\"12:00\\\",\\\"20:00\\\"]}\"', NULL, NULL, '2025-06-01', '2025-06-30', '2025-06-08 06:45:27', '2025-06-08 06:45:27'),
(71, 1, 'fixed', '\"[\\\"mon\\\",\\\"tue\\\",\\\"wed\\\",\\\"thu\\\",\\\"fri\\\"]\"', '09:00:00', '17:00:00', NULL, NULL, '2025-06-09 06:22:59', '2025-06-09 06:22:59'),
(72, 5, 'fixed', '\"[\\\"mon\\\",\\\"tue\\\",\\\"wed\\\",\\\"thu\\\",\\\"fri\\\"]\"', '09:00:00', '17:00:00', NULL, NULL, '2025-06-09 07:27:17', '2025-06-09 07:27:17'),
(73, 15, 'fixed', '\"[\\\"mon\\\",\\\"fri\\\",\\\"wed\\\"]\"', '09:00:00', '17:00:00', NULL, NULL, '2025-06-09 07:27:40', '2025-06-09 07:27:40');

-- --------------------------------------------------------

--
-- Table structure for table `employment_statuses`
--

CREATE TABLE `employment_statuses` (
  `id` bigint(20) UNSIGNED NOT NULL,
  `name` varchar(255) NOT NULL,
  `created_at` timestamp NULL DEFAULT NULL,
  `updated_at` timestamp NULL DEFAULT NULL
) ENGINE=InnoDB DEFAULT CHARSET=utf8mb4 COLLATE=utf8mb4_unicode_ci;

--
-- Dumping data for table `employment_statuses`
--

INSERT INTO `employment_statuses` (`id`, `name`, `created_at`, `updated_at`) VALUES
(1, 'Active', NULL, NULL),
(2, 'Resigned', NULL, NULL),
(3, 'Terminated', NULL, NULL),
(4, 'Retired', NULL, NULL),
(5, 'On Leave', NULL, NULL),
(6, 'Probationary', NULL, NULL),
(7, 'Suspended', NULL, NULL),
(8, 'AWOL', NULL, NULL);

-- --------------------------------------------------------

--
-- Table structure for table `employment_types`
--

CREATE TABLE `employment_types` (
  `id` bigint(20) UNSIGNED NOT NULL,
  `name` varchar(255) NOT NULL,
  `description` text DEFAULT NULL,
  `created_at` timestamp NULL DEFAULT NULL,
  `updated_at` timestamp NULL DEFAULT NULL
) ENGINE=InnoDB DEFAULT CHARSET=utf8mb4 COLLATE=utf8mb4_unicode_ci;

--
-- Dumping data for table `employment_types`
--

INSERT INTO `employment_types` (`id`, `name`, `description`, `created_at`, `updated_at`) VALUES
(1, 'Full-time', NULL, NULL, NULL),
(2, 'Part-time', NULL, NULL, NULL),
(3, 'Freelance', NULL, NULL, NULL),
(4, 'Internship', NULL, NULL, NULL),
(5, 'Casual', NULL, NULL, NULL),
(6, 'Temporary', NULL, NULL, NULL),
(7, 'Consultant', NULL, NULL, NULL),
(8, 'Project Based', NULL, NULL, NULL);

-- --------------------------------------------------------

--
-- Table structure for table `failed_jobs`
--

CREATE TABLE `failed_jobs` (
  `id` bigint(20) UNSIGNED NOT NULL,
  `uuid` varchar(255) NOT NULL,
  `connection` text NOT NULL,
  `queue` text NOT NULL,
  `payload` longtext NOT NULL,
  `exception` longtext NOT NULL,
  `failed_at` timestamp NOT NULL DEFAULT current_timestamp()
) ENGINE=InnoDB DEFAULT CHARSET=utf8mb4 COLLATE=utf8mb4_unicode_ci;

-- --------------------------------------------------------

--
-- Table structure for table `holidays`
--

CREATE TABLE `holidays` (
  `id` bigint(20) UNSIGNED NOT NULL,
  `name_holiday` varchar(255) DEFAULT NULL,
  `date_holiday` varchar(255) DEFAULT NULL,
  `description` varchar(255) DEFAULT NULL,
  `holiday_type` enum('Regular Holiday','Special Non-Working Day') NOT NULL DEFAULT 'Regular Holiday',
  `created_at` timestamp NULL DEFAULT NULL,
  `updated_at` timestamp NULL DEFAULT NULL
) ENGINE=InnoDB DEFAULT CHARSET=utf8mb4 COLLATE=utf8mb4_unicode_ci;

--
-- Dumping data for table `holidays`
--

INSERT INTO `holidays` (`id`, `name_holiday`, `date_holiday`, `description`, `holiday_type`, `created_at`, `updated_at`) VALUES
(1, 'Company Anniversary', '2025-06-10', NULL, 'Regular Holiday', '2025-06-08 06:45:27', '2025-06-08 06:45:27');

-- --------------------------------------------------------

--
-- Table structure for table `jobs`
--

CREATE TABLE `jobs` (
  `id` bigint(20) UNSIGNED NOT NULL,
  `queue` varchar(255) NOT NULL,
  `payload` longtext NOT NULL,
  `attempts` tinyint(3) UNSIGNED NOT NULL,
  `reserved_at` int(10) UNSIGNED DEFAULT NULL,
  `available_at` int(10) UNSIGNED NOT NULL,
  `created_at` int(10) UNSIGNED NOT NULL
) ENGINE=InnoDB DEFAULT CHARSET=utf8mb4 COLLATE=utf8mb4_unicode_ci;

-- --------------------------------------------------------

--
-- Table structure for table `job_batches`
--

CREATE TABLE `job_batches` (
  `id` varchar(255) NOT NULL,
  `name` varchar(255) NOT NULL,
  `total_jobs` int(11) NOT NULL,
  `pending_jobs` int(11) NOT NULL,
  `failed_jobs` int(11) NOT NULL,
  `failed_job_ids` longtext NOT NULL,
  `options` mediumtext DEFAULT NULL,
  `cancelled_at` int(11) DEFAULT NULL,
  `created_at` int(11) NOT NULL,
  `finished_at` int(11) DEFAULT NULL
) ENGINE=InnoDB DEFAULT CHARSET=utf8mb4 COLLATE=utf8mb4_unicode_ci;

-- --------------------------------------------------------

--
-- Table structure for table `leave_requests`
--

CREATE TABLE `leave_requests` (
  `id` bigint(20) UNSIGNED NOT NULL,
  `employee_id` bigint(20) UNSIGNED NOT NULL,
  `start_date` date NOT NULL,
  `end_date` date NOT NULL,
  `type` varchar(255) NOT NULL,
  `reason` text DEFAULT NULL,
  `status` varchar(255) NOT NULL DEFAULT 'pending',
  `created_at` timestamp NULL DEFAULT NULL,
  `updated_at` timestamp NULL DEFAULT NULL
) ENGINE=InnoDB DEFAULT CHARSET=utf8mb4 COLLATE=utf8mb4_unicode_ci;

-- --------------------------------------------------------

--
-- Table structure for table `migrations`
--

CREATE TABLE `migrations` (
  `id` int(10) UNSIGNED NOT NULL,
  `migration` varchar(255) NOT NULL,
  `batch` int(11) NOT NULL
) ENGINE=InnoDB DEFAULT CHARSET=utf8mb4 COLLATE=utf8mb4_unicode_ci;

--
-- Dumping data for table `migrations`
--

INSERT INTO `migrations` (`id`, `migration`, `batch`) VALUES
(1, '0001_01_01_000000_create_users_table', 1),
(2, '0001_01_01_000001_create_cache_table', 1),
(3, '0001_01_01_000002_create_jobs_table', 1),
(4, '2025_06_03_154541_create_permission_tables', 1),
(5, '2025_06_05_035755_create_departments_table', 1),
(6, '2025_06_05_043516_create_personal_access_tokens_table', 1),
(7, '2025_06_06_114939_create_site_table', 1),
(8, '2025_06_06_115006_create_position_table', 1),
(9, '2025_06_06_130253_create_employment_status_table', 1),
(10, '2025_06_06_130253_create_employment_type_table', 1),
(11, '2025_06_06_130427_create_role_access_table', 1),
(12, '2025_06_07_035815_create_employees_table', 1),
(13, '2025_06_07_121557_create_holidays_table', 1),
(14, '2025_06_08_075419_create_employee_attendances_table', 1),
(15, '2025_06_08_081240_create_employee_overtimes_table', 1),
(16, '2025_06_08_115512_create_leave_request_table', 1),
(17, '2025_06_08_134256_create_employees_schedules', 1),
(18, '2025_06_09_130427_create_user_access', 1),
(19, '2025_06_09_171627_update_employee_attendances_table', 2);

-- --------------------------------------------------------

--
-- Table structure for table `model_has_permissions`
--

CREATE TABLE `model_has_permissions` (
  `permission_id` bigint(20) UNSIGNED NOT NULL,
  `model_type` varchar(255) NOT NULL,
  `model_id` bigint(20) UNSIGNED NOT NULL
) ENGINE=InnoDB DEFAULT CHARSET=utf8mb4 COLLATE=utf8mb4_unicode_ci;

-- --------------------------------------------------------

--
-- Table structure for table `model_has_roles`
--

CREATE TABLE `model_has_roles` (
  `role_id` bigint(20) UNSIGNED NOT NULL,
  `model_type` varchar(255) NOT NULL,
  `model_id` bigint(20) UNSIGNED NOT NULL
) ENGINE=InnoDB DEFAULT CHARSET=utf8mb4 COLLATE=utf8mb4_unicode_ci;

--
-- Dumping data for table `model_has_roles`
--

INSERT INTO `model_has_roles` (`role_id`, `model_type`, `model_id`) VALUES
(2, 'App\\Models\\User', 1),
(6, 'App\\Models\\User', 3),
(6, 'App\\Models\\User', 5),
(6, 'App\\Models\\User', 6),
(6, 'App\\Models\\User', 8),
(6, 'App\\Models\\User', 9),
(6, 'App\\Models\\User', 11),
(6, 'App\\Models\\User', 13),
(6, 'App\\Models\\User', 15),
(6, 'App\\Models\\User', 16),
(6, 'App\\Models\\User', 18),
(6, 'App\\Models\\User', 19),
(8, 'App\\Models\\User', 2),
(8, 'App\\Models\\User', 4),
(8, 'App\\Models\\User', 7),
(8, 'App\\Models\\User', 10),
(8, 'App\\Models\\User', 12),
(8, 'App\\Models\\User', 14),
(8, 'App\\Models\\User', 17);

-- --------------------------------------------------------

--
-- Table structure for table `password_reset_tokens`
--

CREATE TABLE `password_reset_tokens` (
  `email` varchar(255) NOT NULL,
  `token` varchar(255) NOT NULL,
  `created_at` timestamp NULL DEFAULT NULL
) ENGINE=InnoDB DEFAULT CHARSET=utf8mb4 COLLATE=utf8mb4_unicode_ci;

-- --------------------------------------------------------

--
-- Table structure for table `permissions`
--

CREATE TABLE `permissions` (
  `id` bigint(20) UNSIGNED NOT NULL,
  `name` varchar(255) NOT NULL,
  `guard_name` varchar(255) NOT NULL,
  `created_at` timestamp NULL DEFAULT NULL,
  `updated_at` timestamp NULL DEFAULT NULL
) ENGINE=InnoDB DEFAULT CHARSET=utf8mb4 COLLATE=utf8mb4_unicode_ci;

-- --------------------------------------------------------

--
-- Table structure for table `personal_access_tokens`
--

CREATE TABLE `personal_access_tokens` (
  `id` bigint(20) UNSIGNED NOT NULL,
  `tokenable_type` varchar(255) NOT NULL,
  `tokenable_id` bigint(20) UNSIGNED NOT NULL,
  `name` varchar(255) NOT NULL,
  `token` varchar(64) NOT NULL,
  `abilities` text DEFAULT NULL,
  `last_used_at` timestamp NULL DEFAULT NULL,
  `expires_at` timestamp NULL DEFAULT NULL,
  `created_at` timestamp NULL DEFAULT NULL,
  `updated_at` timestamp NULL DEFAULT NULL
) ENGINE=InnoDB DEFAULT CHARSET=utf8mb4 COLLATE=utf8mb4_unicode_ci;

-- --------------------------------------------------------

--
-- Table structure for table `positions`
--

CREATE TABLE `positions` (
  `id` bigint(20) UNSIGNED NOT NULL,
  `name` varchar(255) NOT NULL,
  `description` text DEFAULT NULL,
  `department_id` bigint(20) UNSIGNED DEFAULT NULL,
  `level` varchar(255) DEFAULT NULL,
  `salary_grade` varchar(255) DEFAULT NULL,
  `is_active` tinyint(1) NOT NULL DEFAULT 1,
  `created_by` bigint(20) UNSIGNED DEFAULT NULL,
  `updated_by` bigint(20) UNSIGNED DEFAULT NULL,
  `created_at` timestamp NULL DEFAULT NULL,
  `updated_at` timestamp NULL DEFAULT NULL
) ENGINE=InnoDB DEFAULT CHARSET=utf8mb4 COLLATE=utf8mb4_unicode_ci;

--
-- Dumping data for table `positions`
--

INSERT INTO `positions` (`id`, `name`, `description`, `department_id`, `level`, `salary_grade`, `is_active`, `created_by`, `updated_by`, `created_at`, `updated_at`) VALUES
(1, 'Super Administrator', NULL, NULL, NULL, NULL, 1, NULL, NULL, '2025-06-08 06:45:24', '2025-06-08 06:45:24'),
(2, 'Human Resources', NULL, NULL, NULL, NULL, 1, NULL, NULL, '2025-06-08 06:45:24', '2025-06-08 06:45:24'),
(3, 'Engineering', NULL, NULL, NULL, NULL, 1, NULL, NULL, '2025-06-08 06:45:24', '2025-06-08 06:45:24'),
(4, 'Operations', NULL, NULL, NULL, NULL, 1, NULL, NULL, '2025-06-08 06:45:24', '2025-06-08 06:45:24'),
(5, 'Finance', NULL, NULL, NULL, NULL, 1, NULL, NULL, '2025-06-08 06:45:24', '2025-06-08 06:45:24'),
(6, 'Sales', NULL, NULL, NULL, NULL, 1, NULL, NULL, '2025-06-08 06:45:24', '2025-06-08 06:45:24'),
(7, 'Marketing', NULL, NULL, NULL, NULL, 1, NULL, NULL, '2025-06-08 06:45:24', '2025-06-08 06:45:24'),
(8, 'Customer Support', NULL, NULL, NULL, NULL, 1, NULL, NULL, '2025-06-08 06:45:24', '2025-06-08 06:45:24'),
(9, 'IT Support', NULL, NULL, NULL, NULL, 1, NULL, NULL, '2025-06-08 06:45:24', '2025-06-08 06:45:24'),
(10, 'Admin', NULL, NULL, NULL, NULL, 1, NULL, NULL, '2025-06-08 06:45:24', '2025-06-08 06:45:24'),
(11, 'Legal', NULL, NULL, NULL, NULL, 1, NULL, NULL, '2025-06-08 06:45:24', '2025-06-08 06:45:24');

-- --------------------------------------------------------

--
-- Table structure for table `roles`
--

CREATE TABLE `roles` (
  `id` bigint(20) UNSIGNED NOT NULL,
  `name` varchar(255) NOT NULL,
  `guard_name` varchar(255) NOT NULL,
  `created_at` timestamp NULL DEFAULT NULL,
  `updated_at` timestamp NULL DEFAULT NULL
) ENGINE=InnoDB DEFAULT CHARSET=utf8mb4 COLLATE=utf8mb4_unicode_ci;

--
-- Dumping data for table `roles`
--

INSERT INTO `roles` (`id`, `name`, `guard_name`, `created_at`, `updated_at`) VALUES
(1, 'Admin', 'web', '2025-06-08 06:45:24', '2025-06-08 06:45:24'),
(2, 'SuperAdmin', 'web', '2025-06-08 06:45:24', '2025-06-08 06:45:24'),
(3, 'NormalUser', 'web', '2025-06-08 06:45:24', '2025-06-08 06:45:24'),
(4, 'Client', 'web', '2025-06-08 06:45:24', '2025-06-08 06:45:24'),
(5, 'HR', 'web', '2025-06-08 06:45:24', '2025-06-08 06:45:24'),
(6, 'Employee', 'web', '2025-06-08 06:45:24', '2025-06-08 06:45:24'),
(7, 'Accounting', 'web', '2025-06-08 06:45:24', '2025-06-08 06:45:24'),
(8, 'Manager', 'web', '2025-06-08 06:45:24', '2025-06-08 06:45:24');

-- --------------------------------------------------------

--
-- Table structure for table `role_accesses`
--

CREATE TABLE `role_accesses` (
  `id` bigint(20) UNSIGNED NOT NULL,
  `name` varchar(255) NOT NULL,
  `description` text DEFAULT NULL,
  `created_at` timestamp NULL DEFAULT NULL,
  `updated_at` timestamp NULL DEFAULT NULL
) ENGINE=InnoDB DEFAULT CHARSET=utf8mb4 COLLATE=utf8mb4_unicode_ci;

--
-- Dumping data for table `role_accesses`
--

INSERT INTO `role_accesses` (`id`, `name`, `description`, `created_at`, `updated_at`) VALUES
(1, 'SuperAdmin', NULL, NULL, NULL),
(2, 'Admin', NULL, NULL, NULL),
(3, 'Manager', NULL, NULL, NULL),
(4, 'HR', NULL, NULL, NULL),
(5, 'Accounting', NULL, NULL, NULL),
(6, 'Employee', NULL, NULL, NULL);

-- --------------------------------------------------------

--
-- Table structure for table `role_has_permissions`
--

CREATE TABLE `role_has_permissions` (
  `permission_id` bigint(20) UNSIGNED NOT NULL,
  `role_id` bigint(20) UNSIGNED NOT NULL
) ENGINE=InnoDB DEFAULT CHARSET=utf8mb4 COLLATE=utf8mb4_unicode_ci;

-- --------------------------------------------------------

--
-- Table structure for table `sessions`
--

CREATE TABLE `sessions` (
  `id` varchar(255) NOT NULL,
  `user_id` bigint(20) UNSIGNED DEFAULT NULL,
  `ip_address` varchar(45) DEFAULT NULL,
  `user_agent` text DEFAULT NULL,
  `payload` longtext NOT NULL,
  `last_activity` int(11) NOT NULL
) ENGINE=InnoDB DEFAULT CHARSET=utf8mb4 COLLATE=utf8mb4_unicode_ci;

--
-- Dumping data for table `sessions`
--

INSERT INTO `sessions` (`id`, `user_id`, `ip_address`, `user_agent`, `payload`, `last_activity`) VALUES
('qMKdEvMmTG9LUZAlTxrBER8PzAvSvZvrEpcMvxif', 1, '127.0.0.1', 'Mozilla/5.0 (Windows NT 10.0; Win64; x64; rv:140.0) Gecko/20100101 Firefox/140.0', 'YTo1OntzOjY6Il90b2tlbiI7czo0MDoiQ3lzc3l4UG5JZGZRb2pEcTJvQ05yNVJ0cmJLWVNrV0ZydHpZWkYybyI7czo2OiJfZmxhc2giO2E6Mjp7czozOiJvbGQiO2E6MDp7fXM6MzoibmV3IjthOjA6e319czozOiJ1cmwiO2E6MDp7fXM6NTA6ImxvZ2luX3dlYl81OWJhMzZhZGRjMmIyZjk0MDE1ODBmMDE0YzdmNThlYTRlMzA5ODlkIjtpOjE7czo5OiJfcHJldmlvdXMiO2E6MTp7czozOiJ1cmwiO3M6NDE6Imh0dHA6Ly8xMjcuMC4wLjE6ODAwMC9hdHRlbmRhbmNlL2VtcGxveWVlIjt9fQ==', 1749574863);

-- --------------------------------------------------------

--
-- Table structure for table `sites`
--

CREATE TABLE `sites` (
  `id` bigint(20) UNSIGNED NOT NULL,
  `name` varchar(255) NOT NULL,
  `allowance` decimal(10,2) DEFAULT NULL,
  `is_active` tinyint(1) NOT NULL DEFAULT 1,
  `created_at` timestamp NULL DEFAULT NULL,
  `updated_at` timestamp NULL DEFAULT NULL
) ENGINE=InnoDB DEFAULT CHARSET=utf8mb4 COLLATE=utf8mb4_unicode_ci;

--
-- Dumping data for table `sites`
--

INSERT INTO `sites` (`id`, `name`, `allowance`, `is_active`, `created_at`, `updated_at`) VALUES
(1, 'Main Office', NULL, 1, '2025-06-08 06:45:24', '2025-06-08 06:45:24'),
(2, 'Branch Office', NULL, 1, '2025-06-08 06:45:24', '2025-06-08 06:45:24');

-- --------------------------------------------------------

--
-- Table structure for table `users`
--

CREATE TABLE `users` (
  `id` bigint(20) UNSIGNED NOT NULL,
  `email` varchar(255) NOT NULL,
  `username` varchar(255) NOT NULL,
  `email_verified_at` timestamp NULL DEFAULT NULL,
  `password` varchar(255) NOT NULL,
  `status` enum('Active','Inactive') NOT NULL DEFAULT 'Active',
  `remember_token` varchar(100) DEFAULT NULL,
  `created_at` timestamp NULL DEFAULT NULL,
  `updated_at` timestamp NULL DEFAULT NULL
) ENGINE=InnoDB DEFAULT CHARSET=utf8mb4 COLLATE=utf8mb4_unicode_ci;

--
-- Dumping data for table `users`
--

INSERT INTO `users` (`id`, `email`, `username`, `email_verified_at`, `password`, `status`, `remember_token`, `created_at`, `updated_at`) VALUES
(1, 'superadmin@gmail.com', 'superadmin', NULL, '$2y$12$QwtGVuB9vCOVtyMvG/Mzm.pxn/hyxMjQc9.mXlw0m/P6.5Mkf1TXS', 'Active', NULL, '2025-06-08 06:45:24', '2025-06-08 06:45:24'),
(2, 'juan.cruz@example.com', 'juancruz', NULL, '$2y$12$V/FsDW3m2s064ovfl3l1n.lX/P2xEQE0sBSjNffA.yy9GSSuRbPnu', 'Active', NULL, '2025-06-08 06:45:24', '2025-06-08 06:45:24'),
(3, 'maria.reyes@example.com', 'mariareyes', NULL, '$2y$12$m8.knALrH0uXJtiD3.nDcOWJG3/QsDz0dm9z3bVZNk41RXjQB9Zqu', 'Active', NULL, '2025-06-08 06:45:24', '2025-06-08 06:45:24'),
(4, 'pedro.santos@example.com', 'pedrosantos', NULL, '$2y$12$1U9BVsUYztfHtr5pDFtuk.24yZwCFIrS3BzLQnKfskm1ES9Ndd6VC', 'Active', NULL, '2025-06-08 06:45:24', '2025-06-08 06:45:24'),
(5, 'anna.lopez@example.com', 'annalopez', NULL, '$2y$12$Zbw08R4y.ttx/1nFAQr0SOy5F0xwUGYMWZ9EObdtd/rOkYVUrT7dG', 'Active', NULL, '2025-06-08 06:45:25', '2025-06-08 06:45:25'),
(6, 'luis.gonzales@example.com', 'luisgonzales', NULL, '$2y$12$x6xdsgRsU9o.jLPO5ZpCYepFKCzbWMzKvWpV2nVgHg1XSQmiTsi4u', 'Active', NULL, '2025-06-08 06:45:25', '2025-06-08 06:45:25'),
(7, 'clara.fernandez@example.com', 'clarafernandez', NULL, '$2y$12$mhpSzUBJpizdYV3myeDTMuth6xo1x30uhJhDGjOWvbAgXfILhdKf.', 'Active', NULL, '2025-06-08 06:45:25', '2025-06-08 06:45:25'),
(8, 'miguel.torres@example.com', 'migueltorres', NULL, '$2y$12$vJbmmYJavLpiEqPxeqjPvu9/cd3dN2ZYAQ6gv2Kb2l1Phjyp3tXj.', 'Active', NULL, '2025-06-08 06:45:25', '2025-06-08 06:45:25'),
(9, 'sofia.perez@example.com', 'sofiaperez', NULL, '$2y$12$pnf4GvjM/LdjB.78xZs5Qu86tknDy3Cy0bAWLUtHnMI9N5OIkaE0u', 'Active', NULL, '2025-06-08 06:45:25', '2025-06-08 06:45:25'),
(10, 'diego.ramirez@example.com', 'diegoramirez', NULL, '$2y$12$TP0h6MS0KzkVFpm9QhoJQ.EkcxdOED.bYGyuLG3iktFbqR/rk5lBq', 'Active', NULL, '2025-06-08 06:45:26', '2025-06-08 06:45:26'),
(11, 'elena.castillo@example.com', 'elenacastillo', NULL, '$2y$12$Q1G093K3JNDK18rR/3g7nuqQsrWOZnADq2FIbjfstdOvFyreNl.sG', 'Active', NULL, '2025-06-08 06:45:26', '2025-06-08 06:45:26'),
(12, 'gabriel.aquino@example.com', 'gabrielaquino', NULL, '$2y$12$8D7DbNYMtjT6Z7pScgi3RO6Ux.rZVMK68lbandqINPl3ZdjJuumIe', 'Active', NULL, '2025-06-08 06:45:26', '2025-06-08 06:45:26'),
(13, 'isabel.mendoza@example.com', 'isabelmendoza', NULL, '$2y$12$lUOSXtliXjPf5ALV3ROMVuSu6I3DLKXfFa5IFCxUY.bYDEXJu9uBC', 'Active', NULL, '2025-06-08 06:45:26', '2025-06-08 06:45:26'),
(14, 'carlos.rivera@example.com', 'carlosrivera', NULL, '$2y$12$e5uHdC9ULo4XB5rAPYFOlu6Jx4KFJ3v/mpLz.APm9Ts3X8gaBzc96', 'Active', NULL, '2025-06-08 06:45:26', '2025-06-08 06:45:26'),
(15, 'lorna.diaz@example.com', 'lornadiaz', NULL, '$2y$12$4SYrunO0vaDiDLTNijKmg.InUjr7W2svydySZX4feSGN15/1LPWpi', 'Active', NULL, '2025-06-08 06:45:27', '2025-06-08 06:45:27'),
(16, 'rafael.vargas@example.com', 'rafaelvargas', NULL, '$2y$12$aeXKzR5UEJk1F4u8xKH4tuWb4uOsf1GOiAp1Uq8uPfcVyCMv2Iju.', 'Active', NULL, '2025-06-08 06:45:27', '2025-06-08 06:45:27'),
(17, 'teresa.morales@example.com', 'teresamorales', NULL, '$2y$12$Cev8d2Gjl6SRD2gUWA.faOZdu07GAbO86oCsB3wJtjuOFHtxp1LiW', 'Active', NULL, '2025-06-08 06:45:27', '2025-06-08 06:45:27'),
(18, 'victor.ortiz@example.com', 'victorortiz', NULL, '$2y$12$hD.BDAvb4qsCN.I33PiyEuUtDebBrQ/a8EMt/3D5LSLskM41RbokG', 'Active', NULL, '2025-06-08 06:45:27', '2025-06-08 06:45:27'),
(19, 'superadminsdaw@gmail.com', 'superadminsdaw', NULL, '$2y$12$ku1RFwuAjvrrnZ.32CIAiOez.i7OjCMm2W14y7SDM5hxy9IK8b99i', 'Active', NULL, '2025-06-09 07:03:51', '2025-06-09 07:03:51');

-- --------------------------------------------------------

--
-- Table structure for table `user_accesses`
--

CREATE TABLE `user_accesses` (
  `id` bigint(20) UNSIGNED NOT NULL,
  `employee_id` bigint(20) UNSIGNED NOT NULL,
  `description` text DEFAULT NULL,
  `created_at` timestamp NULL DEFAULT NULL,
  `updated_at` timestamp NULL DEFAULT NULL
) ENGINE=InnoDB DEFAULT CHARSET=utf8mb4 COLLATE=utf8mb4_unicode_ci;

--
-- Indexes for dumped tables
--

--
-- Indexes for table `cache`
--
ALTER TABLE `cache`
  ADD PRIMARY KEY (`key`);

--
-- Indexes for table `cache_locks`
--
ALTER TABLE `cache_locks`
  ADD PRIMARY KEY (`key`);

--
-- Indexes for table `departments`
--
ALTER TABLE `departments`
  ADD PRIMARY KEY (`id`),
  ADD UNIQUE KEY `departments_name_unique` (`name`);

--
-- Indexes for table `employees`
--
ALTER TABLE `employees`
  ADD PRIMARY KEY (`id`),
  ADD UNIQUE KEY `employees_employee_id_unique` (`employee_id`),
  ADD KEY `employees_user_id_foreign` (`user_id`),
  ADD KEY `employees_department_id_foreign` (`department_id`),
  ADD KEY `employees_site_id_foreign` (`site_id`),
  ADD KEY `employees_position_id_foreign` (`position_id`),
  ADD KEY `employees_employment_status_id_foreign` (`employment_status_id`),
  ADD KEY `employees_employment_type_id_foreign` (`employment_type_id`),
  ADD KEY `employees_role_access_id_foreign` (`role_access_id`);

--
-- Indexes for table `employee_attendances`
--
ALTER TABLE `employee_attendances`
  ADD PRIMARY KEY (`id`),
  ADD KEY `employee_attendances_employee_id_foreign` (`employee_id`);

--
-- Indexes for table `employee_overtimes`
--
ALTER TABLE `employee_overtimes`
  ADD PRIMARY KEY (`id`),
  ADD KEY `employee_overtimes_employee_id_foreign` (`employee_id`),
  ADD KEY `employee_overtimes_manager_id_foreign` (`manager_id`);

--
-- Indexes for table `employee_schedules`
--
ALTER TABLE `employee_schedules`
  ADD PRIMARY KEY (`id`),
  ADD KEY `employee_schedules_employee_id_foreign` (`employee_id`);

--
-- Indexes for table `employment_statuses`
--
ALTER TABLE `employment_statuses`
  ADD PRIMARY KEY (`id`),
  ADD UNIQUE KEY `employment_statuses_name_unique` (`name`);

--
-- Indexes for table `employment_types`
--
ALTER TABLE `employment_types`
  ADD PRIMARY KEY (`id`),
  ADD UNIQUE KEY `employment_types_name_unique` (`name`);

--
-- Indexes for table `failed_jobs`
--
ALTER TABLE `failed_jobs`
  ADD PRIMARY KEY (`id`),
  ADD UNIQUE KEY `failed_jobs_uuid_unique` (`uuid`);

--
-- Indexes for table `holidays`
--
ALTER TABLE `holidays`
  ADD PRIMARY KEY (`id`);

--
-- Indexes for table `jobs`
--
ALTER TABLE `jobs`
  ADD PRIMARY KEY (`id`),
  ADD KEY `jobs_queue_index` (`queue`);

--
-- Indexes for table `job_batches`
--
ALTER TABLE `job_batches`
  ADD PRIMARY KEY (`id`);

--
-- Indexes for table `leave_requests`
--
ALTER TABLE `leave_requests`
  ADD PRIMARY KEY (`id`),
  ADD KEY `leave_requests_employee_id_foreign` (`employee_id`);

--
-- Indexes for table `migrations`
--
ALTER TABLE `migrations`
  ADD PRIMARY KEY (`id`);

--
-- Indexes for table `model_has_permissions`
--
ALTER TABLE `model_has_permissions`
  ADD PRIMARY KEY (`permission_id`,`model_id`,`model_type`),
  ADD KEY `model_has_permissions_model_id_model_type_index` (`model_id`,`model_type`);

--
-- Indexes for table `model_has_roles`
--
ALTER TABLE `model_has_roles`
  ADD PRIMARY KEY (`role_id`,`model_id`,`model_type`),
  ADD KEY `model_has_roles_model_id_model_type_index` (`model_id`,`model_type`);

--
-- Indexes for table `password_reset_tokens`
--
ALTER TABLE `password_reset_tokens`
  ADD PRIMARY KEY (`email`);

--
-- Indexes for table `permissions`
--
ALTER TABLE `permissions`
  ADD PRIMARY KEY (`id`),
  ADD UNIQUE KEY `permissions_name_guard_name_unique` (`name`,`guard_name`);

--
-- Indexes for table `personal_access_tokens`
--
ALTER TABLE `personal_access_tokens`
  ADD PRIMARY KEY (`id`),
  ADD UNIQUE KEY `personal_access_tokens_token_unique` (`token`),
  ADD KEY `personal_access_tokens_tokenable_type_tokenable_id_index` (`tokenable_type`,`tokenable_id`);

--
-- Indexes for table `positions`
--
ALTER TABLE `positions`
  ADD PRIMARY KEY (`id`),
  ADD UNIQUE KEY `positions_name_unique` (`name`),
  ADD KEY `positions_department_id_foreign` (`department_id`);

--
-- Indexes for table `roles`
--
ALTER TABLE `roles`
  ADD PRIMARY KEY (`id`),
  ADD UNIQUE KEY `roles_name_guard_name_unique` (`name`,`guard_name`);

--
-- Indexes for table `role_accesses`
--
ALTER TABLE `role_accesses`
  ADD PRIMARY KEY (`id`),
  ADD UNIQUE KEY `role_accesses_name_unique` (`name`);

--
-- Indexes for table `role_has_permissions`
--
ALTER TABLE `role_has_permissions`
  ADD PRIMARY KEY (`permission_id`,`role_id`),
  ADD KEY `role_has_permissions_role_id_foreign` (`role_id`);

--
-- Indexes for table `sessions`
--
ALTER TABLE `sessions`
  ADD PRIMARY KEY (`id`),
  ADD KEY `sessions_user_id_index` (`user_id`),
  ADD KEY `sessions_last_activity_index` (`last_activity`);

--
-- Indexes for table `sites`
--
ALTER TABLE `sites`
  ADD PRIMARY KEY (`id`),
  ADD UNIQUE KEY `sites_name_unique` (`name`);

--
-- Indexes for table `users`
--
ALTER TABLE `users`
  ADD PRIMARY KEY (`id`),
  ADD UNIQUE KEY `users_email_unique` (`email`),
  ADD UNIQUE KEY `users_username_unique` (`username`);

--
-- Indexes for table `user_accesses`
--
ALTER TABLE `user_accesses`
  ADD PRIMARY KEY (`id`),
  ADD KEY `user_accesses_employee_id_foreign` (`employee_id`);

--
-- AUTO_INCREMENT for dumped tables
--

--
-- AUTO_INCREMENT for table `departments`
--
ALTER TABLE `departments`
  MODIFY `id` bigint(20) UNSIGNED NOT NULL AUTO_INCREMENT, AUTO_INCREMENT=6;

--
-- AUTO_INCREMENT for table `employees`
--
ALTER TABLE `employees`
  MODIFY `id` bigint(20) UNSIGNED NOT NULL AUTO_INCREMENT, AUTO_INCREMENT=20;

--
-- AUTO_INCREMENT for table `employee_attendances`
--
ALTER TABLE `employee_attendances`
  MODIFY `id` bigint(20) UNSIGNED NOT NULL AUTO_INCREMENT, AUTO_INCREMENT=50;

--
-- AUTO_INCREMENT for table `employee_overtimes`
--
ALTER TABLE `employee_overtimes`
  MODIFY `id` bigint(20) UNSIGNED NOT NULL AUTO_INCREMENT, AUTO_INCREMENT=10;

--
-- AUTO_INCREMENT for table `employee_schedules`
--
ALTER TABLE `employee_schedules`
  MODIFY `id` bigint(20) UNSIGNED NOT NULL AUTO_INCREMENT, AUTO_INCREMENT=74;

--
-- AUTO_INCREMENT for table `employment_statuses`
--
ALTER TABLE `employment_statuses`
  MODIFY `id` bigint(20) UNSIGNED NOT NULL AUTO_INCREMENT, AUTO_INCREMENT=9;

--
-- AUTO_INCREMENT for table `employment_types`
--
ALTER TABLE `employment_types`
  MODIFY `id` bigint(20) UNSIGNED NOT NULL AUTO_INCREMENT, AUTO_INCREMENT=9;

--
-- AUTO_INCREMENT for table `failed_jobs`
--
ALTER TABLE `failed_jobs`
  MODIFY `id` bigint(20) UNSIGNED NOT NULL AUTO_INCREMENT;

--
-- AUTO_INCREMENT for table `holidays`
--
ALTER TABLE `holidays`
  MODIFY `id` bigint(20) UNSIGNED NOT NULL AUTO_INCREMENT, AUTO_INCREMENT=2;

--
-- AUTO_INCREMENT for table `jobs`
--
ALTER TABLE `jobs`
  MODIFY `id` bigint(20) UNSIGNED NOT NULL AUTO_INCREMENT;

--
-- AUTO_INCREMENT for table `leave_requests`
--
ALTER TABLE `leave_requests`
  MODIFY `id` bigint(20) UNSIGNED NOT NULL AUTO_INCREMENT;

--
-- AUTO_INCREMENT for table `migrations`
--
ALTER TABLE `migrations`
  MODIFY `id` int(10) UNSIGNED NOT NULL AUTO_INCREMENT, AUTO_INCREMENT=20;

--
-- AUTO_INCREMENT for table `permissions`
--
ALTER TABLE `permissions`
  MODIFY `id` bigint(20) UNSIGNED NOT NULL AUTO_INCREMENT;

--
-- AUTO_INCREMENT for table `personal_access_tokens`
--
ALTER TABLE `personal_access_tokens`
  MODIFY `id` bigint(20) UNSIGNED NOT NULL AUTO_INCREMENT;

--
-- AUTO_INCREMENT for table `positions`
--
ALTER TABLE `positions`
  MODIFY `id` bigint(20) UNSIGNED NOT NULL AUTO_INCREMENT, AUTO_INCREMENT=12;

--
-- AUTO_INCREMENT for table `roles`
--
ALTER TABLE `roles`
  MODIFY `id` bigint(20) UNSIGNED NOT NULL AUTO_INCREMENT, AUTO_INCREMENT=9;

--
-- AUTO_INCREMENT for table `role_accesses`
--
ALTER TABLE `role_accesses`
  MODIFY `id` bigint(20) UNSIGNED NOT NULL AUTO_INCREMENT, AUTO_INCREMENT=7;

--
-- AUTO_INCREMENT for table `sites`
--
ALTER TABLE `sites`
  MODIFY `id` bigint(20) UNSIGNED NOT NULL AUTO_INCREMENT, AUTO_INCREMENT=3;

--
-- AUTO_INCREMENT for table `users`
--
ALTER TABLE `users`
  MODIFY `id` bigint(20) UNSIGNED NOT NULL AUTO_INCREMENT, AUTO_INCREMENT=20;

--
-- AUTO_INCREMENT for table `user_accesses`
--
ALTER TABLE `user_accesses`
  MODIFY `id` bigint(20) UNSIGNED NOT NULL AUTO_INCREMENT;

--
-- Constraints for dumped tables
--

--
-- Constraints for table `employees`
--
ALTER TABLE `employees`
  ADD CONSTRAINT `employees_department_id_foreign` FOREIGN KEY (`department_id`) REFERENCES `departments` (`id`),
  ADD CONSTRAINT `employees_employment_status_id_foreign` FOREIGN KEY (`employment_status_id`) REFERENCES `employment_statuses` (`id`),
  ADD CONSTRAINT `employees_employment_type_id_foreign` FOREIGN KEY (`employment_type_id`) REFERENCES `employment_types` (`id`) ON DELETE SET NULL,
  ADD CONSTRAINT `employees_position_id_foreign` FOREIGN KEY (`position_id`) REFERENCES `positions` (`id`) ON DELETE SET NULL,
  ADD CONSTRAINT `employees_role_access_id_foreign` FOREIGN KEY (`role_access_id`) REFERENCES `role_accesses` (`id`) ON DELETE SET NULL,
  ADD CONSTRAINT `employees_site_id_foreign` FOREIGN KEY (`site_id`) REFERENCES `sites` (`id`) ON DELETE SET NULL,
  ADD CONSTRAINT `employees_user_id_foreign` FOREIGN KEY (`user_id`) REFERENCES `users` (`id`);

--
-- Constraints for table `employee_attendances`
--
ALTER TABLE `employee_attendances`
  ADD CONSTRAINT `employee_attendances_employee_id_foreign` FOREIGN KEY (`employee_id`) REFERENCES `employees` (`id`) ON DELETE CASCADE;

--
-- Constraints for table `employee_overtimes`
--
ALTER TABLE `employee_overtimes`
  ADD CONSTRAINT `employee_overtimes_employee_id_foreign` FOREIGN KEY (`employee_id`) REFERENCES `employees` (`id`) ON DELETE CASCADE,
  ADD CONSTRAINT `employee_overtimes_manager_id_foreign` FOREIGN KEY (`manager_id`) REFERENCES `employees` (`id`) ON DELETE CASCADE;

--
-- Constraints for table `employee_schedules`
--
ALTER TABLE `employee_schedules`
  ADD CONSTRAINT `employee_schedules_employee_id_foreign` FOREIGN KEY (`employee_id`) REFERENCES `employees` (`id`) ON DELETE NO ACTION ON UPDATE NO ACTION;

--
-- Constraints for table `leave_requests`
--
ALTER TABLE `leave_requests`
  ADD CONSTRAINT `leave_requests_employee_id_foreign` FOREIGN KEY (`employee_id`) REFERENCES `employees` (`id`) ON DELETE CASCADE;

--
-- Constraints for table `model_has_permissions`
--
ALTER TABLE `model_has_permissions`
  ADD CONSTRAINT `model_has_permissions_permission_id_foreign` FOREIGN KEY (`permission_id`) REFERENCES `permissions` (`id`) ON DELETE CASCADE;

--
-- Constraints for table `model_has_roles`
--
ALTER TABLE `model_has_roles`
  ADD CONSTRAINT `model_has_roles_role_id_foreign` FOREIGN KEY (`role_id`) REFERENCES `roles` (`id`) ON DELETE CASCADE;

--
-- Constraints for table `positions`
--
ALTER TABLE `positions`
  ADD CONSTRAINT `positions_department_id_foreign` FOREIGN KEY (`department_id`) REFERENCES `departments` (`id`) ON DELETE SET NULL;

--
-- Constraints for table `role_has_permissions`
--
ALTER TABLE `role_has_permissions`
  ADD CONSTRAINT `role_has_permissions_permission_id_foreign` FOREIGN KEY (`permission_id`) REFERENCES `permissions` (`id`) ON DELETE CASCADE,
  ADD CONSTRAINT `role_has_permissions_role_id_foreign` FOREIGN KEY (`role_id`) REFERENCES `roles` (`id`) ON DELETE CASCADE;

--
-- Constraints for table `user_accesses`
--
ALTER TABLE `user_accesses`
  ADD CONSTRAINT `user_accesses_employee_id_foreign` FOREIGN KEY (`employee_id`) REFERENCES `employees` (`id`) ON DELETE CASCADE;
COMMIT;

/*!40101 SET CHARACTER_SET_CLIENT=@OLD_CHARACTER_SET_CLIENT */;
/*!40101 SET CHARACTER_SET_RESULTS=@OLD_CHARACTER_SET_RESULTS */;
/*!40101 SET COLLATION_CONNECTION=@OLD_COLLATION_CONNECTION */;
